,productID;price_per_one
0,10002;0.85
1,10080;0.85
2,10120;0.21
3,10123C;0.65
4,10124A;0.42
5,10124G;0.42
6,10125;0.42
7,10133;0.42
8,10135;0.42
9,11001;1.69
10,15034;0.14
11,15036;0.53
12,15039;0.85
13,15044A;2.95
14,15044B;2.95
15,15044C;2.95
16,15044D;2.95
17,15056BL;4.95
18,15056N;4.25
19,15056P;4.6
20,15056bl;12.46
21,15056n;12.46
22,15056p;12.46
23,15058A;7.95
24,15058B;7.95
25,15058C;7.95
26,15060B;2.95
27,16008;0.25
28,16010;0.12
29,16011;0.21
30,16012;0.21
31,16014;0.32
32,16015;0.5
33,16016;0.72
34,16033;0.0
35,16045;0.12
36,16046;0.85
37,16048;0.42
38,16052;0.42
39,16054;0.42
40,16156L;0.42
41,16156S;0.42
42,16161M;0.42
43,16161P;0.42
44,16161U;0.42
45,16162L;0.65
46,16168M;0.42
47,16169K;0.42
48,16169M;0.42
49,16169N;0.42
50,16169P;0.42
51,16202E;5.55
52,16206B;1.25
53,16207A;2.95
54,16207B;0.0
55,16216;0.16
56,16218;0.16
57,16219;0.21
58,16225;0.42
59,16235;0.16
60,16236;0.21
61,16237;0.16
62,16238;0.21
63,16258A;0.42
64,17001;0.29
65,17003;0.16
66,17007B;2.1
67,17011A;0.0
68,17011F;2.1
69,17012A;0.5
70,17012B;0.5
71,17012C;0.5
72,17012D;2.46
73,17012E;0.5
74,17012F;0.5
75,17013D;0.42
76,17014A;0.42
77,17021;0.24
78,17028J;0.42
79,17038;0.07
80,17084A;0.21
81,17084J;0.21
82,17084N;0.21
83,17084P;0.21
84,17084R;0.16
85,17090A;0.85
86,17090D;1.25
87,17091A;0.0
88,17091J;0.38
89,17096;0.17
90,17107D;2.55
91,17109D;1.69
92,17129F;1.63
93,17136A;0.21
94,17164B;0.42
95,17165D;0.0
96,17174;0.42
97,18007;0.06
98,18094C;1.25
99,18097A;2.55
100,18097C;1.95
101,18098C;0.0
102,18098c;5.06
103,20615;0.0
104,20616;0.75
105,20617;1.63
106,20618;1.63
107,20619;0.75
108,20622;0.75
109,20652;0.0
110,20653;0.83
111,20654;0.83
112,20655;0.83
113,20657;1.25
114,20658;1.25
115,20659;0.83
116,20661;2.95
117,20662;2.46
118,20663;2.46
119,20664;2.95
120,20665;2.95
121,20666;2.95
122,20668;0.1
123,20669;1.25
124,20670;2.95
125,20671;1.25
126,20674;1.06
127,20675;1.06
128,20676;1.06
129,20677;1.06
130,20679;4.6
131,20681;3.25
132,20682;0.0
133,20684;0.0
134,20685;0.0
135,20686;3.25
136,20694;3.75
137,20695;4.25
138,20696;3.29
139,20697;2.55
140,20698;2.55
141,20699;0.0
142,20700;3.75
143,20701;3.75
144,20702;4.25
145,20703;4.25
146,20704;1.95
147,20705;1.95
148,20707;0.83
149,20711;1.65
150,20712;1.65
151,20713;1.65
152,20716;1.25
153,20717;0.83
154,20718;1.06
155,20719;0.0
156,20723;0.72
157,20724;0.0
158,20725;1.45
159,20726;0.0
160,20727;1.45
161,20728;1.45
162,20731;1.25
163,20733;0.72
164,20734;0.0
165,20735;0.72
166,20738;0.0
167,20748;0.0
168,20749;6.35
169,20750;6.35
170,20751;1.69
171,20752;2.1
172,20754;2.1
173,20755;0.85
174,20756;0.85
175,20757;0.85
176,20758;0.85
177,20759;0.85
178,20760;0.85
179,20761;3.75
180,20762;3.75
181,20763;3.75
182,20764;3.75
183,20765;3.75
184,20766;3.75
185,20767;2.55
186,20768;2.55
187,20769;2.55
188,20770;2.1
189,20771;2.55
190,20772;2.55
191,20773;1.65
192,20774;1.65
193,20775;1.65
194,20777;1.65
195,20778;1.65
196,20780;4.65
197,20781;5.49
198,20782;5.49
199,20785;39.95
200,20793;6.75
201,20794;2.55
202,20795;2.1
203,20798;0.0
204,20801;0.75
205,20802;0.42
206,20803;0.42
207,20818;3.75
208,20819;2.46
209,20820;4.95
210,20826;2.12
211,20828;2.1
212,20829;2.1
213,20830;2.1
214,20831;2.1
215,20832;0.79
216,20835;11.02
217,20837;2.95
218,20839;2.95
219,20840;9.32
220,20845;6.35
221,20846;1.25
222,20847;3.75
223,20848;2.95
224,20849;0.0
225,20851;5.95
226,20854;0.0
227,20856;1.63
228,20857;1.65
229,20860;2.1
230,20861;2.1
231,20864;0.0
232,20866;0.83
233,20867;0.83
234,20868;0.83
235,20869;0.83
236,20871;4.21
237,20878;0.0
238,20886;1.95
239,20892;0.0
240,20893;2.1
241,20894;2.95
242,20897;2.95
243,20898;2.95
244,20902;5.55
245,20903;6.35
246,20906;2.95
247,20910;0.0
248,20914;2.55
249,20931;2.95
250,20932;3.75
251,20933;3.75
252,20934;4.95
253,20936;2.95
254,20941;0.0
255,20950;0.0
256,20954;8.47
257,20956;0.0
258,20957;1.45
259,20960;2.46
260,20961;1.25
261,20963;1.25
262,20966;0.0
263,20967;3.75
264,20969;3.29
265,20970;3.75
266,20971;1.06
267,20972;1.06
268,20973;0.55
269,20974;0.65
270,20975;0.65
271,20977;1.25
272,20978;1.25
273,20979;1.06
274,20980;1.25
275,20981;0.85
276,20982;0.85
277,20983;0.85
278,20984;0.85
279,20985;1.06
280,20986;1.25
281,20992;0.85
282,20996;0.42
283,20998;2.95
284,21000;3.29
285,21001;4.13
286,21002;3.29
287,21003;6.35
288,21009;0.0
289,21011;0.0
290,21012;2.1
291,21014;0.85
292,21015;1.25
293,21018;0.85
294,21025;0.83
295,21026;0.83
296,21027;0.0
297,21028;0.83
298,21030;0.83
299,21031;0.83
300,21032;0.83
301,21033;2.46
302,21034;0.95
303,21035;2.75
304,21038;2.95
305,21039;2.55
306,21040;0.0
307,21041;2.95
308,21042;5.95
309,21043;4.13
310,21051;1.63
311,21054;0.0
312,21055;7.46
313,21056;8.95
314,21058;0.72
315,21059;0.85
316,21060;0.85
317,21061;0.85
318,21062;0.85
319,21063;0.85
320,21064;5.95
321,21065;1.25
322,21066;1.25
323,21067;1.25
324,21068;1.06
325,21069;1.06
326,21070;1.06
327,21071;1.06
328,21078;0.64
329,21080;0.0
330,21082;1.63
331,21084;0.65
332,21086;0.53
333,21087;0.0
334,21088;0.65
335,21089;0.65
336,21090;0.83
337,21094;0.64
338,21095;0.85
339,21096;0.85
340,21098;1.06
341,21100;1.65
342,21106;2.95
343,21107;2.55
344,21108;2.1
345,21109;1.95
346,21110;1.95
347,21111;1.25
348,21112;1.25
349,21114;1.25
350,21115;5.95
351,21116;0.0
352,21117;6.75
353,21120;16.98
354,21121;1.06
355,21122;1.06
356,21123;1.25
357,21124;1.06
358,21125;1.25
359,21126;1.25
360,21128;6.95
361,21129;6.95
362,21131;3.75
363,21132;4.25
364,21134;0.0
365,21135;1.69
366,21136;1.69
367,21137;3.39
368,21143;1.95
369,21144;0.38
370,21145;1.25
371,21147;2.1
372,21154;1.06
373,21155;2.1
374,21156;1.65
375,21157;2.1
376,21158;1.45
377,21159;1.45
378,21160;3.36
379,21161;0.0
380,21162;1.45
381,21163;1.45
382,21164;2.55
383,21165;1.45
384,21166;1.53
385,21167;0.21
386,21169;1.45
387,21171;1.25
388,21172;0.0
389,21174;1.65
390,21175;1.85
391,21179;1.25
392,21181;1.53
393,21186;0.0
394,21187;1.45
395,21188;2.95
396,21189;1.65
397,21190;1.45
398,21191;1.69
399,21192;1.45
400,21194;1.63
401,21195;0.65
402,21196;1.65
403,21197;0.42
404,21198;0.42
405,21199;0.42
406,21200;0.65
407,21201;2.1
408,21202;0.65
409,21204;1.65
410,21205;2.46
411,21206;0.65
412,21207;1.45
413,21208;1.45
414,21209;0.65
415,21210;1.25
416,21211;1.45
417,21212;0.4
418,21213;0.4
419,21215;0.42
420,21216;4.25
421,21217;8.95
422,21218;3.25
423,21219;0.83
424,21220;0.83
425,21221;0.83
426,21222;0.83
427,21224;0.83
428,21226;1.25
429,21228;1.25
430,21231;1.06
431,21232;0.0
432,21238;0.72
433,21239;0.72
434,21240;0.72
435,21242;1.45
436,21243;1.45
437,21244;1.45
438,21245;1.45
439,21246;4.95
440,21248;0.0
441,21249;2.55
442,21250;2.95
443,21251;2.95
444,21253;2.95
445,21257;6.95
446,21258;0.0
447,21259;4.95
448,21260;3.25
449,21261;7.62
450,21262;2.95
451,21263;5.91
452,21264;5.91
453,21265;5.79
454,21268;0.42
455,21269;8.5
456,21270;8.29
457,21272;1.06
458,21275;0.0
459,21277;21.95
460,21278;2.55
461,21279;2.55
462,21280;2.55
463,21281;2.55
464,21282;0.0
465,21284;0.42
466,21285;0.65
467,21286;2.55
468,21287;0.38
469,21288;2.95
470,21289;1.25
471,21291;0.85
472,21292;0.64
473,21293;4.21
474,21294;1.25
475,21306;2.1
476,21307;2.1
477,21311;2.1
478,21313;0.64
479,21314;1.85
480,21316;2.95
481,21317;5.45
482,21318;1.65
483,21319;1.45
484,21320;2.55
485,21324;0.0
486,21326;0.55
487,21327;1.65
488,21328;1.65
489,21329;1.65
490,21331;12.75
491,21332;12.75
492,21333;2.95
493,21336;2.95
494,21340;9.95
495,21344;20.79
496,21348;0.0
497,21349;0.0
498,21351;5.95
499,21352;5.79
500,21354;1.05
501,21355;0.0
502,21356;1.25
503,21357;0.0
504,21358;1.25
505,21359;15.95
506,21360;9.95
507,21361;10.95
508,21363;4.95
509,21364;6.75
510,21365;2.95
511,21366;4.25
512,21367;2.55
513,21368;2.55
514,21369;3.75
515,21370;6.35
516,21371;2.55
517,21372;2.95
518,21374;3.75
519,21375;5.45
520,21376;5.45
521,21377;1.65
522,21378;1.65
523,21379;1.25
524,21380;2.95
525,21381;1.45
526,21382;2.95
527,21383;0.65
528,21385;0.85
529,21386;0.85
530,21389;0.85
531,21390;1.06
532,21391;2.1
533,21392;2.1
534,21393;2.1
535,21394;1.95
536,21397;1.25
537,21398;2.1
538,21399;2.1
539,21400;0.42
540,21401;0.42
541,21402;0.83
542,21403;0.36
543,21407;3.75
544,21408;4.25
545,21410;8.47
546,21411;3.75
547,21412;0.42
548,21413;1.25
549,21414;0.0
550,21415;2.1
551,21416;3.75
552,21417;2.1
553,21418;2.55
554,21420;3.25
555,21421;0.0
556,21422;0.72
557,21424;2.55
558,21425;2.55
559,21426;1.85
560,21427;2.1
561,21428;3.75
562,21429;0.0
563,21430;3.39
564,21431;0.0
565,21439;1.25
566,21441;0.85
567,21442;0.72
568,21445;1.25
569,21446;1.25
570,21447;1.25
571,21448;0.0
572,21452;2.55
573,21454;0.83
574,21455;0.83
575,21456;1.25
576,21457;1.25
577,21458;1.25
578,21459;1.95
579,21460;1.95
580,21461;1.95
581,21462;6.75
582,21463;2.5
583,21464;4.25
584,21465;3.75
585,21466;3.75
586,21467;3.75
587,21468;3.75
588,21469;3.75
589,21470;3.75
590,21471;2.95
591,21472;3.75
592,21473;19.95
593,21476;14.95
594,21479;0.0
595,21481;0.0
596,21484;2.95
597,21485;4.25
598,21486;0.0
599,21488;0.0
600,21491;0.0
601,21494;1.25
602,21495;0.42
603,21497;0.42
604,21498;0.34
605,21499;0.34
606,21500;0.34
607,21503;0.42
608,21504;0.42
609,21506;0.36
610,21507;0.36
611,21508;0.36
612,21509;0.36
613,21518;0.42
614,21519;0.36
615,21520;0.42
616,21523;6.75
617,21524;6.75
618,21527;6.95
619,21528;6.95
620,21530;2.95
621,21531;0.0
622,21533;4.25
623,21534;4.95
624,21535;0.0
625,21537;3.75
626,21538;3.75
627,21539;0.0
628,21544;0.85
629,21547;2.95
630,21555;2.46
631,21556;2.25
632,21557;2.46
633,21558;2.1
634,21559;0.0
635,21561;2.1
636,21562;1.25
637,21563;2.55
638,21564;2.55
639,21576;2.25
640,21577;2.25
641,21578;2.25
642,21579;2.25
643,21580;2.25
644,21581;2.25
645,21584;1.65
646,21586;2.1
647,21587;0.0
648,21588;2.1
649,21589;0.0
650,21591;1.25
651,21592;1.25
652,21594;4.13
653,21595;0.0
654,21609;2.55
655,21613;2.95
656,21615;1.25
657,21616;1.25
658,21617;1.25
659,21618;1.25
660,21619;1.25
661,21620;1.25
662,21621;0.0
663,21622;4.95
664,21623;6.38
665,21624;5.95
666,21625;5.79
667,21626;1.95
668,21627;14.95
669,21628;14.95
670,21629;7.95
671,21630;8.95
672,21631;3.95
673,21632;0.0
674,21633;3.95
675,21634;2.51
676,21635;3.75
677,21636;2.55
678,21638;2.1
679,21640;0.85
680,21641;0.85
681,21642;0.85
682,21643;1.25
683,21644;0.0
684,21645;0.0
685,21647;2.1
686,21648;0.0
687,21650;0.19
688,21651;0.0
689,21653;0.0
690,21654;1.45
691,21655;0.0
692,21656;1.45
693,21657;6.95
694,21658;3.39
695,21661;0.0
696,21662;5.45
697,21664;3.39
698,21666;0.65
699,21667;0.0
700,21668;1.06
701,21669;1.06
702,21670;0.0
703,21671;0.85
704,21672;0.85
705,21673;0.0
706,21675;0.79
707,21676;0.79
708,21677;0.79
709,21678;0.79
710,21679;0.85
711,21680;0.85
712,21681;9.95
713,21682;4.95
714,21683;2.95
715,21684;0.64
716,21686;39.95
717,21688;2.95
718,21689;3.75
719,21690;0.0
720,21692;0.0
721,21693;2.95
722,21694;2.95
723,21695;2.95
724,21696;0.0
725,21698;0.85
726,21700;0.85
727,21703;0.36
728,21704;0.72
729,21705;1.65
730,21706;3.29
731,21707;3.29
732,21708;3.29
733,21709;3.29
734,21710;3.29
735,21711;3.36
736,21713;2.1
737,21714;1.25
738,21715;2.1
739,21716;2.1
740,21717;0.0
741,21718;1.25
742,21719;0.85
743,21720;0.85
744,21721;0.85
745,21722;0.85
746,21723;0.85
747,21724;0.85
748,21725;0.85
749,21726;0.85
750,21730;4.25
751,21731;1.25
752,21733;2.55
753,21735;10.95
754,21736;2.1
755,21738;2.95
756,21739;2.95
757,21741;2.95
758,21742;5.95
759,21743;0.0
760,21744;2.95
761,21745;3.39
762,21746;1.06
763,21747;1.25
764,21749;1.85
765,21750;4.21
766,21754;5.45
767,21755;5.45
768,21756;5.45
769,21757;4.95
770,21758;6.45
771,21761;29.95
772,21763;0.0
773,21769;52.77
774,21773;0.42
775,21774;0.42
776,21775;0.42
777,21777;0.0
778,21781;12.75
779,21784;0.0
780,21785;0.0
781,21786;0.32
782,21787;0.65
783,21788;0.65
784,21789;0.85
785,21790;0.72
786,21791;0.0
787,21792;6.75
788,21793;6.75
789,21794;6.75
790,21801;0.0
791,21802;0.42
792,21803;0.42
793,21804;3.75
794,21805;0.0
795,21807;0.0
796,21808;3.75
797,21809;1.25
798,21810;1.25
799,21811;1.25
800,21812;4.95
801,21813;4.95
802,21814;0.0
803,21815;1.45
804,21816;1.45
805,21817;0.85
806,21818;0.85
807,21819;0.85
808,21820;3.75
809,21821;3.75
810,21822;1.95
811,21823;1.45
812,21824;1.45
813,21826;1.25
814,21827;1.25
815,21828;1.25
816,21829;0.21
817,21830;0.42
818,21832;1.65
819,21833;1.49
820,21836;0.0
821,21841;0.0
822,21843;9.95
823,21844;2.55
824,21845;2.55
825,21846;1.63
826,21847;1.63
827,21849;1.63
828,21850;1.63
829,21851;1.63
830,21864;1.69
831,21865;2.1
832,21866;1.25
833,21867;1.25
834,21868;1.06
835,21870;1.06
836,21871;1.06
837,21872;1.25
838,21873;0.42
839,21874;1.06
840,21875;1.06
841,21876;0.42
842,21877;1.06
843,21878;0.72
844,21879;0.19
845,21880;0.19
846,21881;0.19
847,21882;0.19
848,21883;0.19
849,21884;0.19
850,21888;0.0
851,21889;1.06
852,21890;2.95
853,21891;0.0
854,21892;1.25
855,21894;1.25
856,21895;0.0
857,21896;1.85
858,21897;0.0
859,21898;2.46
860,21899;0.0
861,21900;0.65
862,21901;0.65
863,21902;0.65
864,21903;1.85
865,21904;2.1
866,21905;1.63
867,21906;6.75
868,21907;1.85
869,21908;1.85
870,21910;1.65
871,21911;1.65
872,21912;0.0
873,21913;3.29
874,21914;1.06
875,21915;1.06
876,21916;0.42
877,21917;0.36
878,21918;0.36
879,21922;6.95
880,21925;1.25
881,21926;1.25
882,21927;1.25
883,21928;1.65
884,21929;1.65
885,21930;1.65
886,21931;1.65
887,21932;2.55
888,21933;2.55
889,21934;1.63
890,21935;1.45
891,21936;2.55
892,21937;2.55
893,21942;0.85
894,21943;0.85
895,21944;0.85
896,21945;0.85
897,21946;0.85
898,21947;1.06
899,21948;1.25
900,21949;1.06
901,21955;6.75
902,21967;0.29
903,21972;1.45
904,21973;1.45
905,21974;1.45
906,21975;0.4
907,21976;0.42
908,21977;0.4
909,21980;0.25
910,21981;0.22
911,21982;0.22
912,21983;0.29
913,21984;0.25
914,21985;0.22
915,21986;0.22
916,21987;0.53
917,21988;0.64
918,21989;0.64
919,21990;2.46
920,21991;2.46
921,21992;2.46
922,21993;2.46
923,22021;1.65
924,22023;0.42
925,22024;0.0
926,22025;0.36
927,22026;0.36
928,22027;0.36
929,22028;0.0
930,22029;0.36
931,22030;0.36
932,22031;0.42
933,22032;0.42
934,22033;0.42
935,22034;0.0
936,22035;0.36
937,22037;0.42
938,22038;0.42
939,22040;0.42
940,22041;2.1
941,22042;0.42
942,22043;0.42
943,22044;0.42
944,22045;0.42
945,22046;0.42
946,22047;0.42
947,22048;0.42
948,22049;0.42
949,22050;0.42
950,22051;0.42
951,22052;0.42
952,22053;0.82
953,22055;1.45
954,22057;1.49
955,22059;1.25
956,22060;8.5
957,22061;8.5
958,22062;2.95
959,22063;2.95
960,22064;0.0
961,22065;1.25
962,22066;1.45
963,22067;1.45
964,22068;1.65
965,22069;1.65
966,22070;3.29
967,22071;3.29
968,22072;0.0
969,22073;3.39
970,22074;0.42
971,22075;1.45
972,22076;1.65
973,22077;1.45
974,22078;1.85
975,22079;1.45
976,22080;1.45
977,22081;1.65
978,22082;1.65
979,22083;2.55
980,22084;2.55
981,22085;2.95
982,22086;2.55
983,22087;2.55
984,22088;2.55
985,22089;2.55
986,22090;0.0
987,22091;1.06
988,22092;1.25
989,22093;1.25
990,22094;1.25
991,22095;1.06
992,22096;1.25
993,22097;1.25
994,22098;1.25
995,22099;1.06
996,22100;1.25
997,22101;2.1
998,22102;1.65
999,22103;1.45
1000,22104;1.63
1001,22105;4.21
1002,22106;4.96
1003,22107;3.75
1004,22108;1.25
1005,22109;0.0
1006,22110;2.55
1007,22111;4.25
1008,22112;0.0
1009,22113;3.39
1010,22114;0.0
1011,22115;2.95
1012,22116;0.85
1013,22117;0.85
1014,22118;4.95
1015,22119;6.95
1016,22120;8.5
1017,22121;5.45
1018,22123;4.96
1019,22124;2.46
1020,22125;12.46
1021,22127;1.25
1022,22128;1.06
1023,22129;0.72
1024,22130;0.72
1025,22131;1.65
1026,22132;0.85
1027,22133;0.85
1028,22134;0.42
1029,22135;0.42
1030,22136;1.65
1031,22137;2.95
1032,22138;4.25
1033,22139;0.0
1034,22141;1.85
1035,22142;1.45
1036,22143;0.0
1037,22144;1.85
1038,22145;0.0
1039,22146;0.0
1040,22147;1.25
1041,22148;1.65
1042,22149;1.85
1043,22150;1.65
1044,22151;0.36
1045,22152;0.42
1046,22153;0.42
1047,22154;0.36
1048,22155;0.0
1049,22156;0.72
1050,22157;0.85
1051,22158;0.0
1052,22161;0.65
1053,22162;0.0
1054,22163;2.95
1055,22164;2.95
1056,22165;10.79
1057,22166;7.46
1058,22167;8.29
1059,22168;0.0
1060,22169;7.65
1061,22170;5.95
1062,22171;7.65
1063,22173;2.55
1064,22174;1.25
1065,22175;2.95
1066,22176;2.95
1067,22178;1.06
1068,22179;5.95
1069,22180;8.5
1070,22181;0.85
1071,22182;4.13
1072,22183;3.0
1073,22184;0.0
1074,22185;1.45
1075,22186;2.55
1076,22187;4.25
1077,22188;2.31
1078,22189;2.31
1079,22190;0.85
1080,22191;7.65
1081,22192;7.65
1082,22193;7.65
1083,22194;8.29
1084,22195;1.65
1085,22196;0.85
1086,22197;0.72
1087,22198;0.0
1088,22199;3.75
1089,22200;4.25
1090,22201;3.29
1091,22202;0.0
1092,22203;3.75
1093,22204;3.29
1094,22206;0.85
1095,22207;3.75
1096,22208;1.45
1097,22209;1.63
1098,22210;1.63
1099,22211;1.45
1100,22212;1.69
1101,22214;1.63
1102,22215;7.65
1103,22216;0.79
1104,22217;1.25
1105,22218;0.0
1106,22219;0.72
1107,22220;8.5
1108,22221;8.5
1109,22222;1.95
1110,22223;1.95
1111,22224;2.55
1112,22227;0.65
1113,22228;0.85
1114,22229;0.85
1115,22230;0.85
1116,22231;1.45
1117,22232;1.65
1118,22233;1.65
1119,22236;10.95
1120,22241;1.25
1121,22242;0.0
1122,22243;1.45
1123,22244;1.65
1124,22245;0.72
1125,22246;1.95
1126,22247;0.72
1127,22248;0.72
1128,22249;0.72
1129,22250;0.72
1130,22251;1.06
1131,22252;1.06
1132,22254;1.06
1133,22255;0.85
1134,22256;1.25
1135,22257;0.42
1136,22258;0.42
1137,22259;0.42
1138,22260;0.85
1139,22261;0.85
1140,22262;0.85
1141,22263;0.19
1142,22264;0.19
1143,22265;0.65
1144,22266;0.65
1145,22267;1.06
1146,22268;0.72
1147,22269;1.25
1148,22270;3.39
1149,22271;2.55
1150,22272;2.95
1151,22273;2.55
1152,22274;2.55
1153,22275;7.65
1154,22276;2.55
1155,22277;2.1
1156,22278;4.95
1157,22279;0.83
1158,22280;0.83
1159,22281;5.95
1160,22282;12.75
1161,22283;7.95
1162,22284;1.65
1163,22285;1.65
1164,22286;1.65
1165,22287;1.65
1166,22288;1.25
1167,22289;1.25
1168,22291;1.45
1169,22292;1.25
1170,22293;1.45
1171,22294;1.06
1172,22295;1.45
1173,22296;1.65
1174,22297;1.25
1175,22299;1.25
1176,22300;0.0
1177,22301;2.1
1178,22302;2.1
1179,22303;2.1
1180,22304;2.55
1181,22305;2.1
1182,22306;1.65
1183,22307;1.65
1184,22308;2.55
1185,22309;2.55
1186,22310;1.45
1187,22311;2.95
1188,22312;2.95
1189,22313;2.95
1190,22314;2.95
1191,22315;1.25
1192,22316;1.25
1193,22317;2.46
1194,22318;2.55
1195,22319;0.65
1196,22320;5.95
1197,22321;0.85
1198,22322;0.79
1199,22323;0.0
1200,22324;1.95
1201,22325;3.29
1202,22326;2.55
1203,22327;0.0
1204,22328;2.55
1205,22329;1.45
1206,22331;1.45
1207,22332;1.45
1208,22333;1.45
1209,22334;1.45
1210,22335;0.55
1211,22336;0.65
1212,22337;0.65
1213,22338;0.65
1214,22339;0.65
1215,22340;3.36
1216,22341;1.45
1217,22342;0.85
1218,22343;0.21
1219,22344;0.21
1220,22345;0.21
1221,22346;0.21
1222,22348;0.72
1223,22349;2.69
1224,22350;0.0
1225,22351;0.0
1226,22352;2.1
1227,22353;0.0
1228,22354;3.39
1229,22355;0.72
1230,22356;0.0
1231,22357;0.0
1232,22358;2.55
1233,22359;0.0
1234,22360;0.0
1235,22361;0.0
1236,22362;0.0
1237,22363;0.0
1238,22364;0.0
1239,22365;0.0
1240,22366;0.0
1241,22367;0.0
1242,22371;0.0
1243,22372;0.0
1244,22374;0.0
1245,22375;0.0
1246,22376;0.0
1247,22377;0.85
1248,22378;0.85
1249,22379;1.85
1250,22380;1.85
1251,22381;1.85
1252,22382;1.45
1253,22383;0.0
1254,22384;1.45
1255,22385;1.65
1256,22386;1.65
1257,22389;0.85
1258,22390;0.85
1259,22391;0.85
1260,22393;0.85
1261,22394;0.85
1262,22395;0.85
1263,22396;0.42
1264,22398;1.25
1265,22399;1.06
1266,22400;1.25
1267,22402;1.25
1268,22403;0.42
1269,22405;1.25
1270,22406;1.25
1271,22407;1.25
1272,22408;1.25
1273,22409;1.25
1274,22410;1.25
1275,22411;1.65
1276,22412;1.85
1277,22413;2.95
1278,22414;6.75
1279,22415;7.95
1280,22416;1.25
1281,22417;0.42
1282,22418;0.85
1283,22419;0.36
1284,22420;0.42
1285,22421;0.42
1286,22422;0.65
1287,22423;0.0
1288,22424;10.85
1289,22425;4.25
1290,22426;0.0
1291,22427;0.0
1292,22428;0.0
1293,22429;3.75
1294,22430;4.25
1295,22431;0.0
1296,22432;0.0
1297,22433;1.95
1298,22434;1.95
1299,22435;1.06
1300,22436;0.65
1301,22437;0.72
1302,22438;1.63
1303,22439;0.65
1304,22440;0.42
1305,22441;2.1
1306,22442;7.95
1307,22443;7.95
1308,22444;0.0
1309,22445;2.46
1310,22446;2.46
1311,22447;2.46
1312,22448;3.35
1313,22449;2.95
1314,22450;2.95
1315,22451;0.0
1316,22452;1.63
1317,22453;1.63
1318,22454;0.0
1319,22456;4.25
1320,22457;2.55
1321,22458;2.55
1322,22459;2.55
1323,22460;1.25
1324,22461;10.95
1325,22464;1.45
1326,22465;1.45
1327,22466;1.45
1328,22467;2.1
1329,22468;6.75
1330,22469;1.45
1331,22470;0.0
1332,22471;1.95
1333,22472;0.0
1334,22473;0.0
1335,22474;0.0
1336,22475;0.0
1337,22476;0.0
1338,22477;1.25
1339,22478;1.25
1340,22479;1.25
1341,22480;1.06
1342,22481;0.42
1343,22482;1.06
1344,22483;2.55
1345,22485;12.75
1346,22486;3.95
1347,22487;8.5
1348,22488;1.45
1349,22489;0.36
1350,22491;0.72
1351,22492;0.55
1352,22493;1.45
1353,22494;1.25
1354,22495;2.95
1355,22496;2.95
1356,22497;4.25
1357,22498;5.95
1358,22499;4.95
1359,22500;4.95
1360,22501;0.0
1361,22502;0.0
1362,22503;12.75
1363,22504;12.75
1364,22505;4.25
1365,22507;3.86
1366,22508;3.39
1367,22509;14.95
1368,22510;1.25
1369,22511;1.25
1370,22512;0.0
1371,22513;3.75
1372,22514;0.0
1373,22515;1.85
1374,22516;0.0
1375,22517;1.85
1376,22518;0.0
1377,22519;1.85
1378,22520;0.0
1379,22521;0.85
1380,22522;0.72
1381,22523;0.85
1382,22524;0.0
1383,22525;0.0
1384,22526;0.0
1385,22528;3.36
1386,22529;0.36
1387,22530;0.36
1388,22531;0.42
1389,22532;0.42
1390,22533;0.36
1391,22534;0.36
1392,22535;0.42
1393,22536;0.36
1394,22537;0.42
1395,22538;0.42
1396,22539;0.42
1397,22540;0.42
1398,22541;0.42
1399,22543;0.32
1400,22544;0.36
1401,22545;0.36
1402,22546;0.42
1403,22547;0.42
1404,22548;1.25
1405,22549;1.25
1406,22550;0.0
1407,22551;1.45
1408,22553;0.0
1409,22554;1.45
1410,22555;1.45
1411,22556;1.45
1412,22557;1.45
1413,22558;1.25
1414,22559;0.0
1415,22560;1.06
1416,22561;1.45
1417,22562;1.25
1418,22563;1.06
1419,22564;1.06
1420,22565;0.85
1421,22566;0.85
1422,22567;1.06
1423,22568;3.39
1424,22569;3.39
1425,22570;3.39
1426,22571;0.72
1427,22572;0.72
1428,22573;0.85
1429,22574;0.72
1430,22575;1.95
1431,22576;0.85
1432,22577;0.85
1433,22578;0.85
1434,22579;0.85
1435,22580;0.0
1436,22581;0.85
1437,22582;2.55
1438,22583;2.55
1439,22584;2.55
1440,22585;0.0
1441,22586;0.85
1442,22587;0.85
1443,22588;0.0
1444,22589;2.55
1445,22591;0.0
1446,22592;3.75
1447,22593;0.72
1448,22594;0.85
1449,22595;0.72
1450,22596;0.72
1451,22597;0.85
1452,22598;0.85
1453,22599;0.85
1454,22600;0.72
1455,22601;0.85
1456,22602;0.85
1457,22603;0.85
1458,22604;2.1
1459,22605;12.46
1460,22606;12.75
1461,22607;8.5
1462,22608;0.21
1463,22609;0.21
1464,22610;0.21
1465,22611;4.95
1466,22613;0.64
1467,22614;0.29
1468,22615;0.29
1469,22616;0.22
1470,22617;0.0
1471,22618;8.49
1472,22619;0.0
1473,22620;0.0
1474,22621;1.25
1475,22622;8.5
1476,22623;4.25
1477,22624;0.0
1478,22625;0.0
1479,22626;0.0
1480,22627;0.0
1481,22628;4.13
1482,22629;1.65
1483,22630;1.65
1484,22631;1.65
1485,22632;0.0
1486,22633;0.0
1487,22634;8.5
1488,22635;8.5
1489,22636;7.65
1490,22637;2.1
1491,22638;0.85
1492,22639;2.1
1493,22640;0.85
1494,22641;0.85
1495,22642;2.1
1496,22643;0.85
1497,22644;1.25
1498,22645;1.25
1499,22646;1.25
1500,22647;0.0
1501,22649;0.0
1502,22650;0.0
1503,22651;0.72
1504,22652;0.0
1505,22653;1.65
1506,22654;4.95
1507,22655;125.0
1508,22656;125.0
1509,22659;1.65
1510,22660;7.95
1511,22661;0.72
1512,22662;1.45
1513,22663;1.65
1514,22664;1.85
1515,22665;0.0
1516,22666;0.0
1517,22667;2.55
1518,22668;2.55
1519,22669;2.55
1520,22670;1.06
1521,22671;1.45
1522,22672;1.65
1523,22673;1.06
1524,22674;1.06
1525,22675;1.06
1526,22676;0.0
1527,22677;0.0
1528,22678;0.0
1529,22679;0.0
1530,22680;0.0
1531,22681;0.0
1532,22682;0.0
1533,22683;0.0
1534,22684;0.0
1535,22685;0.0
1536,22686;0.0
1537,22688;6.75
1538,22689;0.0
1539,22690;0.0
1540,22691;6.75
1541,22692;6.75
1542,22693;0.94
1543,22694;2.1
1544,22695;1.45
1545,22696;1.65
1546,22697;0.0
1547,22698;0.0
1548,22699;0.0
1549,22700;0.85
1550,22701;0.85
1551,22702;0.65
1552,22703;2.1
1553,22704;0.42
1554,22705;0.42
1555,22706;0.42
1556,22707;0.42
1557,22708;0.42
1558,22709;0.42
1559,22710;0.34
1560,22711;0.42
1561,22712;0.0
1562,22713;0.36
1563,22714;0.36
1564,22715;0.36
1565,22716;0.36
1566,22717;0.42
1567,22718;0.36
1568,22719;1.06
1569,22720;4.25
1570,22721;4.25
1571,22722;3.45
1572,22723;3.45
1573,22725;3.39
1574,22726;3.75
1575,22727;3.39
1576,22728;3.39
1577,22729;3.75
1578,22730;3.39
1579,22731;1.25
1580,22732;1.25
1581,22733;1.25
1582,22734;0.0
1583,22735;1.65
1584,22736;1.65
1585,22737;1.65
1586,22738;1.65
1587,22739;1.65
1588,22740;0.85
1589,22741;0.85
1590,22742;2.95
1591,22743;2.55
1592,22744;2.55
1593,22745;1.85
1594,22746;1.85
1595,22747;1.85
1596,22748;1.85
1597,22749;3.39
1598,22750;3.39
1599,22751;3.39
1600,22752;7.65
1601,22753;0.85
1602,22754;0.72
1603,22755;0.72
1604,22756;1.25
1605,22757;1.06
1606,22758;1.25
1607,22759;1.45
1608,22760;10.95
1609,22761;21.95
1610,22762;12.75
1611,22763;8.5
1612,22764;49.96
1613,22765;0.0
1614,22766;2.55
1615,22767;8.5
1616,22768;8.5
1617,22769;0.0
1618,22770;14.95
1619,22771;0.85
1620,22772;0.85
1621,22773;0.85
1622,22774;0.85
1623,22775;1.06
1624,22776;8.5
1625,22777;7.65
1626,22778;3.39
1627,22779;3.37
1628,22780;3.37
1629,22781;6.75
1630,22782;9.95
1631,22783;7.95
1632,22784;4.25
1633,22785;5.95
1634,22786;4.95
1635,22788;8.5
1636,22789;1.65
1637,22791;1.06
1638,22792;0.72
1639,22794;6.75
1640,22795;5.95
1641,22796;8.5
1642,22797;14.95
1643,22798;2.95
1644,22799;8.5
1645,22800;3.75
1646,22801;3.39
1647,22802;16.63
1648,22803;33.29
1649,22804;2.46
1650,22805;1.06
1651,22806;2.95
1652,22807;2.95
1653,22808;2.95
1654,22809;2.55
1655,22810;2.55
1656,22811;2.95
1657,22812;1.95
1658,22813;1.65
1659,22814;0.36
1660,22815;0.36
1661,22816;0.36
1662,22817;0.36
1663,22818;0.42
1664,22819;0.36
1665,22820;0.65
1666,22821;0.65
1667,22822;4.95
1668,22823;110.0
1669,22824;35.95
1670,22825;7.95
1671,22826;175.0
1672,22827;145.0
1673,22828;145.0
1674,22829;8.5
1675,22830;0.0
1676,22831;2.95
1677,22832;9.95
1678,22833;0.0
1679,22834;0.85
1680,22835;4.25
1681,22837;0.0
1682,22838;12.75
1683,22839;12.75
1684,22840;6.95
1685,22841;0.0
1686,22842;0.0
1687,22843;0.0
1688,22844;7.65
1689,22845;5.55
1690,22846;14.95
1691,22847;0.0
1692,22848;14.95
1693,22849;14.95
1694,22851;0.85
1695,22852;4.25
1696,22853;3.25
1697,22854;4.25
1698,22855;1.06
1699,22856;1.06
1700,22857;0.72
1701,22858;1.45
1702,22859;1.45
1703,22860;1.65
1704,22861;1.65
1705,22862;4.25
1706,22863;2.55
1707,22865;0.0
1708,22866;0.0
1709,22867;0.0
1710,22868;1.95
1711,22869;1.95
1712,22870;1.95
1713,22871;1.95
1714,22872;1.95
1715,22873;1.95
1716,22874;1.95
1717,22875;1.95
1718,22876;1.95
1719,22877;1.95
1720,22878;2.1
1721,22879;0.42
1722,22880;0.42
1723,22881;0.42
1724,22882;0.42
1725,22883;0.42
1726,22884;0.42
1727,22885;0.42
1728,22886;0.42
1729,22887;0.42
1730,22888;0.42
1731,22889;0.75
1732,22890;8.5
1733,22891;3.75
1734,22892;1.06
1735,22893;0.36
1736,22894;8.29
1737,22895;2.55
1738,22896;2.1
1739,22897;1.25
1740,22898;1.65
1741,22899;1.85
1742,22900;2.55
1743,22902;1.69
1744,22903;2.95
1745,22904;2.55
1746,22905;2.95
1747,22906;1.45
1748,22907;0.64
1749,22908;0.64
1750,22909;0.64
1751,22910;2.55
1752,22911;2.95
1753,22912;4.95
1754,22913;4.95
1755,22914;4.95
1756,22915;0.36
1757,22916;0.65
1758,22917;0.65
1759,22918;0.65
1760,22919;0.65
1761,22920;0.65
1762,22921;0.65
1763,22922;0.72
1764,22923;0.85
1765,22924;0.85
1766,22925;5.95
1767,22926;4.95
1768,22927;5.95
1769,22928;5.95
1770,22929;57.95
1771,22930;2.1
1772,22931;2.1
1773,22932;2.1
1774,22933;2.55
1775,22934;2.55
1776,22935;2.75
1777,22936;2.75
1778,22937;2.1
1779,22938;1.65
1780,22939;4.95
1781,22940;4.25
1782,22941;7.65
1783,22942;7.65
1784,22943;4.25
1785,22944;1.25
1786,22945;0.85
1787,22946;16.95
1788,22947;16.95
1789,22948;0.85
1790,22949;1.45
1791,22951;0.42
1792,22952;0.42
1793,22953;1.25
1794,22954;1.25
1795,22955;1.85
1796,22956;1.85
1797,22957;2.55
1798,22959;0.0
1799,22960;3.75
1800,22961;1.25
1801,22962;0.72
1802,22963;0.72
1803,22964;1.85
1804,22965;1.85
1805,22966;1.06
1806,22967;2.55
1807,22968;8.5
1808,22969;1.25
1809,22970;2.1
1810,22971;2.1
1811,22972;1.45
1812,22973;1.45
1813,22974;1.45
1814,22975;1.25
1815,22976;1.25
1816,22977;1.25
1817,22978;3.75
1818,22980;1.45
1819,22983;0.36
1820,22984;0.36
1821,22985;0.34
1822,22986;0.42
1823,22988;1.06
1824,22989;2.75
1825,22990;4.25
1826,22991;1.65
1827,22992;1.65
1828,22993;1.06
1829,22994;0.42
1830,22995;0.36
1831,22996;0.36
1832,22997;0.42
1833,22998;0.36
1834,22999;0.36
1835,23000;0.42
1836,23002;0.42
1837,23003;0.36
1838,23004;0.42
1839,23005;0.42
1840,23006;0.42
1841,23166;1.04
1842,23230;0.34
1843,23231;0.34
1844,23232;0.34
1845,23233;0.42
1846,35001G;2.0
1847,35001W;0.0
1848,35004B;1.95
1849,35004C;0.0
1850,35004G;1.95
1851,35004P;0.0
1852,35095A;0.42
1853,35095B;0.42
1854,35241;4.25
1855,35265;6.95
1856,35271S;0.0
1857,35400;0.0
1858,35443;0.85
1859,35471D;1.25
1860,35591T;1.25
1861,35597A;1.25
1862,35597B;1.25
1863,35598B;0.65
1864,35598D;0.65
1865,35599B;5.91
1866,35599D;5.91
1867,35607A;0.0
1868,35609A;2.51
1869,35610A;1.25
1870,35610B;1.25
1871,35610C;1.25
1872,35637A;5.95
1873,35637C;5.95
1874,35638A;5.95
1875,35644;0.0
1876,35645;0.0
1877,35646;1.25
1878,35647;1.25
1879,35648;0.85
1880,35651;1.65
1881,35653;2.95
1882,35809A;2.1
1883,35809a;4.13
1884,35810A;2.1
1885,35810B;2.1
1886,35815P;2.1
1887,35817P;2.55
1888,35818P;3.29
1889,35819B;2.46
1890,35832;2.95
1891,35833G;0.0
1892,35833P;1.25
1893,35909A;2.95
1894,35909B;2.95
1895,35910A;1.95
1896,35911A;2.1
1897,35911B;2.1
1898,35912B;1.25
1899,35913B;0.85
1900,35914;2.1
1901,35915B;0.83
1902,35915C;0.83
1903,35916A;1.63
1904,35916B;1.63
1905,35916C;1.63
1906,35920;1.25
1907,35921;1.25
1908,35922;0.0
1909,35923;1.25
1910,35924;1.69
1911,35933;0.38
1912,35951;0.0
1913,35953;1.25
1914,35954;0.0
1915,35957;0.0
1916,35958;0.0
1917,35961;0.72
1918,35964;1.63
1919,35965;0.0
1920,35967;0.38
1921,35968;0.38
1922,35969;0.0
1923,35970;4.13
1924,35971;1.25
1925,35972;1.25
1926,35991;0.0
1927,37327;0.42
1928,37333;0.0
1929,37340;0.85
1930,37342;0.85
1931,37343;1.65
1932,37351;1.25
1933,37370;1.06
1934,37379A;1.25
1935,37413;0.0
1936,37444A;2.95
1937,37444B;2.95
1938,37444C;2.95
1939,37446;1.25
1940,37447;1.25
1941,37448;1.25
1942,37449;8.5
1943,37450;2.55
1944,37461;0.0
1945,37462E;0.42
1946,37464;0.0
1947,37467;0.0
1948,37468;7.46
1949,37474;0.0
1950,37475;8.49
1951,37476;0.0
1952,37479B;2.55
1953,37479P;2.55
1954,37482P;2.55
1955,37489A;1.95
1956,37489B;1.95
1957,37489C;1.95
1958,37489D;1.95
1959,37491A;3.29
1960,37491D;3.29
1961,37495;3.75
1962,37500;8.49
1963,37501;6.95
1964,37503;10.75
1965,37509;0.0
1966,40001;0.64
1967,40003;1.25
1968,40005B;0.85
1969,40016;0.25
1970,40046A;1.25
1971,44089A;0.42
1972,44089C;0.42
1973,44091A;0.42
1974,44092B;0.85
1975,44092C;0.85
1976,44228;0.85
1977,44234;0.18
1978,44235;0.36
1979,44236;4.65
1980,44265;4.25
1981,45013;2.95
1982,46000M;0.0
1983,46000P;4.25
1984,46000R;1.45
1985,46000S;0.0
1986,46000U;1.25
1987,46115B;0.19
1988,46118;3.29
1989,46138B;1.95
1990,46775D;10.79
1991,46776A;4.13
1992,46776B;4.13
1993,46776C;4.13
1994,46776D;4.13
1995,46776E;4.21
1996,46776F;4.13
1997,47021G;1.25
1998,47310M;1.25
1999,47341A;3.75
2000,47343A;1.49
2001,47348A;1.95
2002,47351B;2.95
2003,47367B;3.29
2004,47369A;2.95
2005,47369B;2.95
2006,47420;0.19
2007,47421;0.36
2008,47422;0.36
2009,47469;0.65
2010,47471;0.65
2011,47480;1.45
2012,47481;0.85
2013,47503A;0.42
2014,47503H;1.95
2015,47503J;7.95
2016,47504H;0.85
2017,47504K;0.85
2018,47518F;0.42
2019,47518f;4.13
2020,47556B;0.0
2021,47559B;1.06
2022,47559b;3.29
2023,47563A;3.29
2024,47566;3.75
2025,47566B;3.75
2026,47566b;8.29
2027,47567B;4.65
2028,47570B;8.49
2029,47570b;20.79
2030,47574A;2.46
2031,47578A;0.85
2032,47579;0.0
2033,47580;2.1
2034,47585A;3.75
2035,47586A;2.55
2036,47589;5.45
2037,47590A;4.65
2038,47590B;4.65
2039,47590b;10.79
2040,47591B;0.0
2041,47591D;0.0
2042,47591d;4.96
2043,47593A;1.25
2044,47593B;0.83
2045,47594A;1.63
2046,47594B;1.63
2047,47599A;1.69
2048,47599B;1.69
2049,48111;0.0
2050,48116;6.75
2051,48129;6.75
2052,48138;6.75
2053,48173C;6.75
2054,48173c;16.63
2055,48184;0.0
2056,48185;0.0
2057,48187;6.75
2058,48188;6.75
2059,48189;16.63
2060,48194;0.0
2061,51008;2.95
2062,51014A;0.85
2063,51014C;0.85
2064,51014L;0.85
2065,51020A;1.25
2066,51020B;1.25
2067,62018;1.25
2068,62074B;0.42
2069,62086A;1.95
2070,62094B;0.0
2071,62095B;0.0
2072,62096A;0.0
2073,70006;0.42
2074,70007;0.42
2075,71038;4.65
2076,71050;0.35
2077,71053;3.39
2078,71101E;0.85
2079,71143;2.46
2080,71215;0.42
2081,71270;1.25
2082,71279;2.95
2083,71403;2.95
2084,71406C;0.42
2085,71459;0.72
2086,71477;0.0
2087,71495A;0.84
2088,71495B;0.42
2089,71496A;0.65
2090,71496B;0.65
2091,71510;0.85
2092,72038P;0.0
2093,72051S;0.42
2094,72122;0.95
2095,72127;1.25
2096,72128;0.85
2097,72130;0.53
2098,72131;1.95
2099,72132;1.95
2100,72133;1.25
2101,72134;0.42
2102,72140E;0.85
2103,72225C;0.29
2104,72232;0.19
2105,72349B;1.69
2106,72349b;4.13
2107,72351A;1.69
2108,72351B;1.69
2109,72351a;4.13
2110,72369A;2.46
2111,72586;0.83
2112,72598;0.85
2113,72709;0.85
2114,72741;1.25
2115,72760B;8.49
2116,72780;0.85
2117,72798C;1.65
2118,72799C;2.95
2119,72799E;2.95
2120,72799F;2.95
2121,72800B;2.55
2122,72800C;2.55
2123,72800D;2.55
2124,72800E;2.1
2125,72801C;1.25
2126,72801D;1.25
2127,72801G;1.25
2128,72801c;2.46
2129,72801d;2.46
2130,72802A;3.81
2131,72802B;3.81
2132,72802C;3.81
2133,72803A;4.25
2134,72803B;0.0
2135,72803b;8.47
2136,72807A;3.81
2137,72807B;3.81
2138,72807C;3.81
2139,72807a;8.29
2140,72807b;8.29
2141,72812;4.13
2142,72814;0.0
2143,72815;3.75
2144,72816;1.06
2145,72817;1.25
2146,72818;0.72
2147,72819;2.1
2148,72821;1.65
2149,75011;0.85
2150,75013B;0.0
2151,75049L;0.85
2152,75131;1.25
2153,75172;3.75
2154,75178;0.42
2155,77101A;1.06
2156,78034B;1.95
2157,78124;2.75
2158,79000;0.65
2159,79030D;1.65
2160,79030G;1.65
2161,79051A;0.65
2162,79062D;0.0
2163,79063C;0.0
2164,79063D;0.0
2165,79066K;0.85
2166,79066k;1.63
2167,79067;0.0
2168,79071B;2.95
2169,79144B;0.42
2170,79144C;0.83
2171,79149B;0.42
2172,79151B;0.42
2173,79160;1.69
2174,79163;1.65
2175,79164;1.65
2176,79190A;0.42
2177,79190B;0.42
2178,79190D;0.42
2179,79191B;0.85
2180,79191C;0.85
2181,79191D;0.85
2182,79192A;1.25
2183,79302M;2.55
2184,79320;4.95
2185,79321;0.0
2186,79323B;6.75
2187,79323P;6.75
2188,79323W;6.75
2189,79329;1.65
2190,79331;1.65
2191,79337;0.38
2192,79403;0.85
2193,79406;0.22
2194,81950V;0.85
2195,82001S;3.39
2196,82001s;7.46
2197,82011A;3.75
2198,82011B;3.75
2199,82011C;3.75
2200,82095;0.0
2201,82482;2.1
2202,82483;4.95
2203,82484;4.77
2204,82486;6.95
2205,82494L;2.55
2206,82494l;8.29
2207,82551;1.25
2208,82552;1.25
2209,82567;1.63
2210,82578;0.55
2211,82580;0.42
2212,82581;0.42
2213,82582;1.69
2214,82583;0.0
2215,82599;0.0
2216,82600;1.69
2217,82605;0.0
2218,82613A;1.25
2219,82613B;0.42
2220,82613C;0.42
2221,82613D;0.42
2222,82613b;2.51
2223,82613c;2.51
2224,82615;2.55
2225,82616B;2.51
2226,82616C;2.46
2227,84006;0.85
2228,84012;0.85
2229,84029E;0.0
2230,84029G;3.39
2231,84030E;3.75
2232,84030e;5.79
2233,84031A;4.13
2234,84031B;4.13
2235,84032A;2.55
2236,84032B;1.25
2237,84033;1.65
2238,84050;0.0
2239,84051;0.85
2240,84077;0.18
2241,84078A;34.95
2242,84086C;2.46
2243,84192;1.25
2244,84199;0.21
2245,84212;0.42
2246,84218;0.81
2247,84226;0.85
2248,84227;0.0
2249,84228;0.37
2250,84231;0.65
2251,84247C;0.0
2252,84247E;2.95
2253,84247G;0.42
2254,84247K;2.95
2255,84247L;0.42
2256,84247N;2.95
2257,84249A;0.42
2258,84251B;0.19
2259,84251C;0.19
2260,84251G;0.19
2261,84270;0.0
2262,84279B;0.0
2263,84279P;3.39
2264,84306;0.0
2265,84313B;4.25
2266,84313C;4.25
2267,84341B;0.85
2268,84347;0.03
2269,84352;14.95
2270,84356;1.95
2271,84358;9.95
2272,84360;4.65
2273,84375;1.85
2274,84378;1.06
2275,84380;1.06
2276,84388;1.65
2277,84406B;0.0
2278,84415B;3.75
2279,84422;1.63
2280,84424A;0.0
2281,84429A;2.95
2282,84452;0.0
2283,84455;0.0
2284,84457;0.85
2285,84459A;1.25
2286,84459B;1.25
2287,84461;2.55
2288,84462;1.25
2289,84465;0.0
2290,84466;1.25
2291,84497;0.0
2292,84499;0.0
2293,84507B;2.55
2294,84507C;2.55
2295,84508A;2.1
2296,84508B;2.55
2297,84508C;2.55
2298,84509A;2.95
2299,84509B;3.29
2300,84509C;2.95
2301,84509E;1.25
2302,84509F;0.0
2303,84509G;1.25
2304,84509a;7.46
2305,84509b;7.46
2306,84509c;7.46
2307,84510A;1.25
2308,84510C;1.25
2309,84510E;1.25
2310,84510a;2.46
2311,84510c;2.46
2312,84519A;1.25
2313,84519B;1.25
2314,84520B;0.64
2315,84522;1.95
2316,84526;0.0
2317,84527;1.95
2318,84531A;1.95
2319,84531B;1.95
2320,84534B;0.0
2321,84534b;1.66
2322,84535B;0.0
2323,84536A;0.42
2324,84536B;0.42
2325,84536a;0.79
2326,84536b;0.81
2327,84539;1.65
2328,84546;0.0
2329,84558A;2.95
2330,84558a;5.91
2331,84559A;0.85
2332,84559B;0.85
2333,84559a;1.66
2334,84559b;1.66
2335,84562A;0.0
2336,84563A;4.13
2337,84563B;4.13
2338,84568;0.21
2339,84569A;0.83
2340,84569B;0.0
2341,84569D;0.83
2342,84575A;5.95
2343,84580;3.75
2344,84581;3.75
2345,84584;2.55
2346,84592;2.95
2347,84595E;3.75
2348,84596B;0.83
2349,84596E;0.83
2350,84596F;0.83
2351,84596G;0.83
2352,84596J;0.83
2353,84596L;0.83
2354,84596b;2.51
2355,84596e;2.51
2356,84596f;2.46
2357,84596g;2.46
2358,84597B;1.25
2359,84597C;1.25
2360,84598;0.21
2361,84600;7.95
2362,84609;8.5
2363,84611B;0.0
2364,84612B;0.0
2365,84613A;0.0
2366,84613C;0.0
2367,84614A;0.0
2368,84616;29.95
2369,84617;12.75
2370,84620;5.95
2371,84625A;0.85
2372,84625C;0.85
2373,84631;0.0
2374,84632;59.95
2375,84637;4.96
2376,84638;0.0
2377,84658;6.95
2378,84659A;2.46
2379,84660A;1.25
2380,84660B;1.25
2381,84660C;1.25
2382,84660b;7.62
2383,84660c;7.46
2384,84661A;2.46
2385,84661B;2.46
2386,84661C;2.46
2387,84663A;5.79
2388,84664;0.0
2389,84665;5.95
2390,84666;3.95
2391,84670;0.0
2392,84673A;0.65
2393,84673B;0.65
2394,84674;1.25
2395,84675;0.0
2396,84678;1.25
2397,84683;0.65
2398,84685;3.75
2399,84687;11.63
2400,84688;0.0
2401,84689;0.0
2402,84691;0.72
2403,84692;0.0
2404,84706D;8.95
2405,84707A;5.79
2406,84707B;5.79
2407,84708B;4.95
2408,84709B;5.95
2409,84711A;5.79
2410,84711B;5.79
2411,84712B;7.46
2412,84715;2.95
2413,84723;7.95
2414,84725;4.25
2415,84741C;1.95
2416,84744;1.25
2417,84745A;0.42
2418,84745B;0.42
2419,84748;0.0
2420,84750B;1.95
2421,84751B;3.75
2422,84754;1.06
2423,84755;0.55
2424,84760S;1.45
2425,84763;1.06
2426,84766;1.95
2427,84773;0.0
2428,84789;2.95
2429,84792;3.81
2430,84795B;6.95
2431,84795C;0.0
2432,84795b;16.63
2433,84796A;8.29
2434,84796B;8.29
2435,84796a;8.47
2436,84798A;2.55
2437,84798B;2.55
2438,84799;0.42
2439,84800L;1.69
2440,84800M;1.27
2441,84800S;1.25
2442,84801A;2.1
2443,84801B;0.0
2444,84802A;0.0
2445,84803A;1.69
2446,84804A;2.95
2447,84805A;3.75
2448,84806A;1.45
2449,84806B;1.45
2450,84809A;2.1
2451,84809B;2.1
2452,84813;3.95
2453,84816;39.95
2454,84817;0.42
2455,84818;0.85
2456,84819;0.85
2457,84820;1.25
2458,84821;0.21
2459,84823;0.0
2460,84826;0.21
2461,84827;0.19
2462,84828;1.25
2463,84832;0.0
2464,84836;1.25
2465,84840;0.0
2466,84843;5.95
2467,84846A;2.1
2468,84847;3.75
2469,84849A;1.69
2470,84849B;1.69
2471,84849D;1.69
2472,84854;4.95
2473,84856L;11.87
2474,84857C;8.5
2475,84858C;5.95
2476,84859A;5.95
2477,84859C;5.95
2478,84865;8.5
2479,84870B;2.46
2480,84870C;2.46
2481,84872A;0.0
2482,84872a;10.79
2483,84874B;1.65
2484,84875B;3.75
2485,84876B;1.25
2486,84876D;3.75
2487,84877B;1.25
2488,84877D;1.25
2489,84879;1.45
2490,84880;0.0
2491,84881;0.0
2492,84882;3.75
2493,84884A;3.39
2494,84884a;8.29
2495,84898F;0.0
2496,84905;4.95
2497,84906;5.95
2498,84907;7.65
2499,84910A;5.95
2500,84912A;3.75
2501,84912B;3.29
2502,84913A;3.29
2503,84913B;3.29
2504,84915;1.25
2505,84916;1.25
2506,84917;0.0
2507,84919;6.95
2508,84920;3.75
2509,84921;3.75
2510,84922;4.25
2511,84923;4.13
2512,84924A;3.75
2513,84925D;2.55
2514,84925F;2.55
2515,84926A;1.25
2516,84926D;0.42
2517,84926E;0.42
2518,84926F;0.42
2519,84927A;2.1
2520,84927D;2.1
2521,84927E;2.1
2522,84927F;2.1
2523,84929;0.55
2524,84931A;1.63
2525,84931B;1.63
2526,84944;4.25
2527,84945;0.72
2528,84946;1.06
2529,84947;1.06
2530,84949;1.45
2531,84950;0.55
2532,84951A;0.85
2533,84951B;0.85
2534,84952A;1.63
2535,84952B;1.25
2536,84952C;0.0
2537,84963A;42.95
2538,84964B;0.0
2539,84966A;0.0
2540,84966B;0.0
2541,84967A;0.0
2542,84967B;0.0
2543,84968A;8.29
2544,84968B;0.0
2545,84968C;8.29
2546,84968D;8.29
2547,84968E;0.0
2548,84968F;0.0
2549,84968a;25.49
2550,84968d;24.96
2551,84968e;25.49
2552,84968f;25.49
2553,84969;3.29
2554,84970L;0.79
2555,84970S;0.64
2556,84970l;2.08
2557,84970s;2.08
2558,84971S;0.85
2559,84974;9.95
2560,84975;0.0
2561,84976;1.69
2562,84977;0.0
2563,84978;1.06
2564,84985A;1.45
2565,84987;1.25
2566,84988;1.25
2567,84989A;0.55
2568,84989a;2.08
2569,84991;0.4
2570,84992;0.4
2571,84993A;0.42
2572,84993B;0.42
2573,84993a;0.83
2574,84997A;3.39
2575,84997B;3.39
2576,84997C;0.0
2577,84997D;3.39
2578,84997a;8.29
2579,84997b;8.29
2580,84997c;8.29
2581,84997d;8.29
2582,85006;2.95
2583,85008;0.0
2584,85014A;4.95
2585,85014B;4.95
2586,85014a;12.72
2587,85014b;12.46
2588,85015;0.65
2589,85016;0.65
2590,85017A;0.85
2591,85017B;0.83
2592,85017C;0.85
2593,85018C;0.0
2594,85018D;2.55
2595,85019A;1.25
2596,85019B;4.25
2597,85019C;1.25
2598,85020;2.1
2599,85023B;2.55
2600,85023C;2.55
2601,85024B;1.65
2602,85024C;1.65
2603,85025B;1.65
2604,85025C;1.65
2605,85026B;0.85
2606,85027L;7.95
2607,85028L;0.0
2608,85028S;0.0
2609,85031A;4.95
2610,85031B;4.95
2611,85031C;0.0
2612,85032A;2.1
2613,85032B;2.1
2614,85032C;2.1
2615,85032D;1.63
2616,85034A;4.25
2617,85034B;1.25
2618,85034C;1.25
2619,85035A;4.25
2620,85035B;1.25
2621,85035C;1.25
2622,85035a;8.47
2623,85035b;8.47
2624,85035c;8.47
2625,85036A;3.81
2626,85036B;1.25
2627,85036C;1.85
2628,85036b;8.47
2629,85038;1.69
2630,85039A;1.45
2631,85039B;1.63
2632,85039C;0.42
2633,85039a;3.29
2634,85040A;1.65
2635,85040B;1.65
2636,85040a;3.29
2637,85042;4.95
2638,85044;0.0
2639,85045;4.95
2640,85047;5.55
2641,85048;6.95
2642,85049A;1.25
2643,85049B;0.0
2644,85049C;1.06
2645,85049D;1.25
2646,85049E;1.25
2647,85049F;0.0
2648,85049G;1.06
2649,85049H;0.83
2650,85049a;3.36
2651,85049e;3.29
2652,85049g;1.63
2653,85053;2.1
2654,85054;1.25
2655,85055;2.95
2656,85059;1.25
2657,85061W;0.85
2658,85062;1.45
2659,85063;14.95
2660,85064;0.0
2661,85065;12.75
2662,85066;10.95
2663,85067;0.0
2664,85068;7.95
2665,85071A;0.83
2666,85071B;0.38
2667,85071C;0.83
2668,85071D;0.83
2669,85078;0.65
2670,85084;0.0
2671,85086A;0.85
2672,85087;2.95
2673,85088;1.63
2674,85089;2.95
2675,85092;1.25
2676,85093;1.25
2677,85094;0.83
2678,85095;1.25
2679,85096;0.0
2680,85099B;0.0
2681,85099C;1.65
2682,85099F;0.0
2683,85099f;4.96
2684,85103;5.79
2685,85104;2.95
2686,85106;1.63
2687,85107;2.55
2688,85109;0.85
2689,85110;0.0
2690,85111;0.29
2691,85114A;1.45
2692,85114B;1.65
2693,85114C;1.65
2694,85114a;3.29
2695,85114b;3.29
2696,85114c;3.29
2697,85116;0.65
2698,85118;0.0
2699,85119;0.0
2700,85123A;0.0
2701,85123a;6.63
2702,85124B;2.55
2703,85124C;0.0
2704,85125;3.29
2705,85126;0.0
2706,85127;3.29
2707,85129B;1.25
2708,85129C;1.25
2709,85129D;1.25
2710,85130A;1.65
2711,85130B;1.65
2712,85130C;1.65
2713,85130D;1.65
2714,85131A;0.42
2715,85131B;0.83
2716,85131C;0.83
2717,85131D;0.83
2718,85132A;8.29
2719,85132B;8.29
2720,85132C;8.29
2721,85132a;21.23
2722,85135A;7.95
2723,85135B;0.0
2724,85135C;7.95
2725,85136A;7.95
2726,85136B;7.95
2727,85136C;7.95
2728,85141;8.95
2729,85144;7.25
2730,85146;4.95
2731,85150;0.0
2732,85152;1.53
2733,85159A;1.25
2734,85159B;1.25
2735,85160A;1.25
2736,85160B;1.25
2737,85160a;16.13
2738,85161;0.0
2739,85163A;8.29
2740,85163B;8.29
2741,85167B;0.0
2742,85168B;8.29
2743,85169A;0.42
2744,85169B;0.42
2745,85169C;0.42
2746,85169D;0.42
2747,85170A;0.0
2748,85170B;0.85
2749,85170C;0.85
2750,85170D;0.85
2751,85172;0.42
2752,85173;0.85
2753,85174;1.95
2754,85175;0.36
2755,85176;0.85
2756,85177;0.64
2757,85178;0.85
2758,85179A;2.46
2759,85179B;0.0
2760,85179C;2.46
2761,85180A;1.25
2762,85180B;1.25
2763,85183A;1.25
2764,85183B;1.25
2765,85184C;1.25
2766,85185B;2.95
2767,85185D;2.95
2768,85186A;0.42
2769,85186C;0.42
2770,85187;1.65
2771,85188A;0.85
2772,85188B;0.0
2773,85189;0.85
2774,85194L;0.72
2775,85194S;0.65
2776,85195;2.1
2777,85197;2.1
2778,85198;0.85
2779,85199L;0.65
2780,85199S;0.42
2781,85200;1.25
2782,85202;0.42
2783,85203;0.42
2784,85204;0.42
2785,85205B;2.55
2786,85206A;1.45
2787,85206B;1.65
2788,85208;1.69
2789,85211;1.65
2790,85212;0.21
2791,85213;0.85
2792,85214;1.65
2793,85215;0.0
2794,85216;0.65
2795,85226A;0.0
2796,85227;0.85
2797,85230A;0.21
2798,85230B;0.21
2799,85230E;0.21
2800,85230F;0.0
2801,85230G;0.21
2802,85231B;0.85
2803,85231G;0.85
2804,85231b;1.63
2805,85231g;1.63
2806,85232A;4.25
2807,85232B;0.0
2808,85232D;4.25
2809,90000A;5.95
2810,90000B;5.95
2811,90000C;0.0
2812,90000D;5.95
2813,90001A;4.15
2814,90001C;4.24
2815,90001D;4.24
2816,90002D;0.0
2817,90003B;3.75
2818,90003C;3.73
2819,90003D;3.75
2820,90003E;3.73
2821,90005A;1.95
2822,90010A;8.95
2823,90010B;8.95
2824,90010E;8.95
2825,90011A;2.9
2826,90011B;2.9
2827,90011D;2.96
2828,90011E;2.96
2829,90012A;9.98
2830,90012B;9.95
2831,90013A;3.73
2832,90013B;4.15
2833,90013C;4.15
2834,90013D;4.24
2835,90014A;9.95
2836,90014B;9.95
2837,90016A;8.32
2838,90016B;8.32
2839,90018A;4.15
2840,90018B;4.24
2841,90019A;4.95
2842,90019B;5.4
2843,90019C;5.51
2844,90022;3.75
2845,90023;4.24
2846,90024B;8.32
2847,90024C;8.49
2848,90024E;8.49
2849,90024F;8.49
2850,90026B;8.5
2851,90026C;8.5
2852,90026D;8.5
2853,90027A;2.95
2854,90027B;2.96
2855,90027C;2.9
2856,90027D;2.95
2857,90028;8.32
2858,90029;8.5
2859,90030B;5.82
2860,90030C;5.82
2861,90031;5.94
2862,90032;6.23
2863,90033;2.48
2864,90034;10.19
2865,90035A;10.62
2866,90036D;7.9
2867,90036E;7.9
2868,90036F;8.07
2869,90037A;2.48
2870,90037B;2.48
2871,90037C;2.54
2872,90038A;3.81
2873,90038B;3.81
2874,90039A;3.73
2875,90039B;3.73
2876,90039C;3.73
2877,90039D;3.73
2878,90040A;3.5
2879,90040B;3.5
2880,90040C;3.81
2881,90041;3.81
2882,90042A;2.55
2883,90042B;0.0
2884,90042C;0.0
2885,90050;6.95
2886,90051;6.95
2887,90053;2.55
2888,90054;2.54
2889,90055;2.54
2890,90056;11.05
2891,90057;1.25
2892,90058B;0.38
2893,90059A;1.65
2894,90059B;1.65
2895,90059C;1.65
2896,90059D;1.65
2897,90059E;1.65
2898,90059F;1.65
2899,90060B;5.95
2900,90060D;5.95
2901,90060F;5.94
2902,90062;12.48
2903,90063A;8.5
2904,90063B;8.5
2905,90064A;3.75
2906,90064B;3.75
2907,90065A;6.75
2908,90067A;2.95
2909,90070;5.95
2910,90071;1.23
2911,90072;3.75
2912,90073;4.95
2913,90074;9.77
2914,90076;2.96
2915,90077;2.96
2916,90078;7.5
2917,90079;5.09
2918,90081A;4.95
2919,90081C;4.95
2920,90082A;6.35
2921,90082B;6.35
2922,90082D;6.35
2923,90085;1.63
2924,90086;0.85
2925,90087;1.63
2926,90089;1.63
2927,90091;0.0
2928,90092;1.66
2929,90093;1.66
2930,90094;2.55
2931,90095;0.0
2932,90096;0.0
2933,90098;2.55
2934,90099;2.55
2935,90100;2.55
2936,90101;2.48
2937,90103;2.48
2938,90104;0.82
2939,90108;1.05
2940,90112;0.0
2941,90114;2.46
2942,90115;2.46
2943,90116;2.46
2944,90118;2.46
2945,90119;2.46
2946,90120A;4.24
2947,90120B;4.15
2948,90120C;4.15
2949,90120D;4.15
2950,90122A;4.95
2951,90122B;4.95
2952,90122C;4.95
2953,90123A;5.95
2954,90123B;5.82
2955,90123C;5.94
2956,90123D;5.95
2957,90124A;9.98
2958,90124B;9.96
2959,90125A;0.85
2960,90125B;0.85
2961,90125C;0.85
2962,90125D;0.85
2963,90125E;1.63
2964,90126A;3.36
2965,90128A;2.51
2966,90128B;1.25
2967,90128C;2.51
2968,90128D;2.46
2969,90129A;1.63
2970,90129B;1.66
2971,90129C;1.66
2972,90129D;1.66
2973,90129E;1.66
2974,90129F;1.66
2975,90130B;2.9
2976,90130C;2.96
2977,90130D;2.9
2978,90132;5.09
2979,90133;4.95
2980,90134;2.9
2981,90135;4.98
2982,90136;9.95
2983,90137;5.51
2984,90138;5.4
2985,90140;7.64
2986,90141A;5.4
2987,90141B;5.09
2988,90141C;5.51
2989,90141D;5.51
2990,90142A;5.09
2991,90142D;5.09
2992,90143;7.5
2993,90144;3.73
2994,90145;5.95
2995,90146;7.5
2996,90147;9.95
2997,90148;12.75
2998,90151;8.5
2999,90152A;5.51
3000,90152B;5.51
3001,90152C;5.95
3002,90154;8.95
3003,90155;7.5
3004,90156;4.95
3005,90157;4.98
3006,90158;4.98
3007,90160A;6.95
3008,90160B;6.95
3009,90160C;6.95
3010,90160D;6.95
3011,90161A;4.95
3012,90161B;4.95
3013,90161C;4.95
3014,90161D;4.95
3015,90162B;2.95
3016,90162C;2.95
3017,90162D;2.95
3018,90163A;7.64
3019,90163B;7.48
3020,90164A;7.64
3021,90164B;7.48
3022,90165A;2.54
3023,90165B;2.48
3024,90166;4.15
3025,90167;0.0
3026,90168;2.96
3027,90169;2.54
3028,90170;1.65
3029,90173;3.73
3030,90174;2.48
3031,90175A;8.95
3032,90175B;9.15
3033,90175C;8.95
3034,90175D;8.95
3035,90176A;7.48
3036,90176B;7.64
3037,90176C;8.32
3038,90177A;2.9
3039,90177B;2.9
3040,90177C;2.9
3041,90177D;2.95
3042,90177E;2.96
3043,90178A;11.65
3044,90178B;11.95
3045,90179A;5.95
3046,90179C;5.95
3047,90180A;9.95
3048,90180B;9.95
3049,90181A;9.34
3050,90181B;9.15
3051,90182C;2.96
3052,90183A;2.9
3053,90183B;2.9
3054,90183C;2.9
3055,90184A;8.95
3056,90184B;8.95
3057,90184C;8.95
3058,90185A;4.15
3059,90185B;4.15
3060,90185C;4.15
3061,90185D;4.24
3062,90186A;2.9
3063,90186B;2.95
3064,90187A;3.32
3065,90187B;3.32
3066,90188;2.54
3067,90190A;2.9
3068,90190B;2.96
3069,90190C;2.9
3070,90191;12.48
3071,90192;4.95
3072,90194;4.15
3073,90195A;8.95
3074,90195B;8.95
3075,90196A;12.75
3076,90196B;12.75
3077,90197B;4.95
3078,90198A;4.15
3079,90198B;4.15
3080,90199A;6.35
3081,90199B;6.37
3082,90199C;6.35
3083,90199D;6.23
3084,90200A;4.15
3085,90200B;4.15
3086,90200C;0.0
3087,90200D;4.15
3088,90200E;4.15
3089,90201A;2.9
3090,90201B;2.9
3091,90201C;2.9
3092,90201D;2.9
3093,90202A;2.9
3094,90202B;2.9
3095,90202C;2.9
3096,90202D;2.9
3097,90204;3.35
3098,90205A;1.69
3099,90205C;1.65
3100,90206A;4.98
3101,90206C;4.98
3102,90208;2.48
3103,90209B;1.75
3104,90209C;1.75
3105,90210A;1.25
3106,90210B;1.25
3107,90210C;1.25
3108,90210D;1.25
3109,90211A;5.94
3110,90211B;5.82
3111,90212B;3.73
3112,90212C;3.75
3113,90214A;0.83
3114,90214B;0.83
3115,90214C;0.83
3116,90214D;0.83
3117,90214E;0.83
3118,90214F;0.83
3119,90214G;0.83
3120,90214H;0.83
3121,90214I;0.83
3122,90214J;0.83
3123,90214K;0.83
3124,90214L;0.83
3125,90214M;0.83
3126,90214N;0.83
3127,90214O;0.85
3128,90214P;0.83
3129,90214R;0.83
3130,90214S;0.83
3131,90214T;0.83
3132,90214V;0.83
3133,90214W;0.83
3134,90214Y;0.85
3135,90214Z;0.85
3136,AMAZONFEE;1.0
3137,BANK CHARGES;15.0
3138,C2;15.0
3139,D;5.76
3140,DCGS0003;2.46
3141,DCGS0055;0.0
3142,DCGS0057;0.0
3143,DCGS0069;15.79
3144,DCGS0070;12.72
3145,DCGS0072;0.0
3146,DCGS0074;0.0
3147,DCGS0076;16.13
3148,DCGSSBOY;3.29
3149,DCGSSGIRL;3.29
3150,DOT;2.51
3151,M;0.19
3152,POST;0.0
3153,S;2.8
3154,gift_0001_20;16.67
3155,gift_0001_30;25.0
3156,gift_0001_40;34.04
3157,gift_0001_50;42.55
3158,m;2.55
